-- phpMyAdmin SQL Dump
-- version 4.2.7.1
-- http://www.phpmyadmin.net
--
-- Host: 127.0.0.1
-- Generation Time: Sep 22, 2019 at 04:18 AM
-- Server version: 5.6.20
-- PHP Version: 5.5.15

SET SQL_MODE = "NO_AUTO_VALUE_ON_ZERO";
SET time_zone = "+00:00";


/*!40101 SET @OLD_CHARACTER_SET_CLIENT=@@CHARACTER_SET_CLIENT */;
/*!40101 SET @OLD_CHARACTER_SET_RESULTS=@@CHARACTER_SET_RESULTS */;
/*!40101 SET @OLD_COLLATION_CONNECTION=@@COLLATION_CONNECTION */;
/*!40101 SET NAMES utf8 */;

--
-- Database: `inventory`
--

-- --------------------------------------------------------

--
-- Table structure for table `admin`
--

CREATE TABLE IF NOT EXISTS `admin` (
`admin_id` int(11) NOT NULL,
  `username` varchar(250) NOT NULL,
  `password` varchar(250) NOT NULL
) ENGINE=InnoDB  DEFAULT CHARSET=latin1 AUTO_INCREMENT=2 ;

--
-- Dumping data for table `admin`
--

INSERT INTO `admin` (`admin_id`, `username`, `password`) VALUES
(1, 'administrator', '21232f297a57a5a743894a0e4a801fc3');

-- --------------------------------------------------------

--
-- Table structure for table `branch`
--

CREATE TABLE IF NOT EXISTS `branch` (
`branch_id` int(11) NOT NULL,
  `branch_name` varchar(50) NOT NULL,
  `branch_address` varchar(100) NOT NULL,
  `branch_contact` varchar(50) NOT NULL,
  `skin` varchar(15) NOT NULL
) ENGINE=InnoDB  DEFAULT CHARSET=latin1 AUTO_INCREMENT=3 ;

--
-- Dumping data for table `branch`
--

INSERT INTO `branch` (`branch_id`, `branch_name`, `branch_address`, `branch_contact`, `skin`) VALUES
(1, 'DOMPIM BRANCH', 'School Junction', '090998278', 'red'),
(2, 'BONSA BRANCH', 'Bonsa ', '98786786', 'purple');

-- --------------------------------------------------------

--
-- Table structure for table `brands`
--

CREATE TABLE IF NOT EXISTS `brands` (
`brand_id` int(11) NOT NULL,
  `brand_name` varchar(250) NOT NULL,
  `brand_status` varchar(200) NOT NULL,
  `date` datetime NOT NULL
) ENGINE=InnoDB  DEFAULT CHARSET=latin1 AUTO_INCREMENT=3 ;

--
-- Dumping data for table `brands`
--

INSERT INTO `brands` (`brand_id`, `brand_name`, `brand_status`, `date`) VALUES
(1, 'Abrabopa', 'Active', '0000-00-00 00:00:00'),
(2, 'Yes', 'Active', '2019-08-19 09:14:36');

-- --------------------------------------------------------

--
-- Table structure for table `category`
--

CREATE TABLE IF NOT EXISTS `category` (
`cat_id` int(11) NOT NULL,
  `cat_name` varchar(30) NOT NULL,
  `cat_status` varchar(20) NOT NULL
) ENGINE=InnoDB  DEFAULT CHARSET=latin1 AUTO_INCREMENT=13 ;

--
-- Dumping data for table `category`
--

INSERT INTO `category` (`cat_id`, `cat_name`, `cat_status`) VALUES
(5, 'Television', 'Active'),
(7, 'Video Player', 'Active'),
(8, 'Home Appliance', 'Active'),
(9, 'Kitchen Appliance', 'Active'),
(10, 'Gadget', 'Active'),
(11, 'Rice Cooker', 'Active'),
(12, 'Cosmetics', 'Active');

-- --------------------------------------------------------

--
-- Table structure for table `creditors`
--

CREATE TABLE IF NOT EXISTS `creditors` (
`creditor_id` int(11) NOT NULL,
  `creditor_name` varchar(200) NOT NULL,
  `contact` int(10) NOT NULL,
  `product_name` varchar(200) NOT NULL,
  `product_price` decimal(10,2) NOT NULL,
  `quantity` int(100) NOT NULL,
  `down_paymt` decimal(10,2) NOT NULL,
  `term` varchar(100) NOT NULL,
  `payable_for` int(11) NOT NULL,
  `payment_start` date NOT NULL,
  `creditor_status` varchar(20) NOT NULL
) ENGINE=InnoDB DEFAULT CHARSET=latin1 AUTO_INCREMENT=1 ;

-- --------------------------------------------------------

--
-- Table structure for table `customer`
--

CREATE TABLE IF NOT EXISTS `customer` (
`cust_id` int(11) NOT NULL,
  `cust_first` varchar(50) NOT NULL,
  `cust_last` varchar(30) NOT NULL,
  `cust_address` varchar(100) NOT NULL,
  `cust_contact` varchar(30) NOT NULL,
  `balance` decimal(10,2) NOT NULL,
  `branch_id` int(11) NOT NULL,
  `credit_status` varchar(10) NOT NULL,
  `cust_status` varchar(20) NOT NULL,
  `income` int(11) NOT NULL
) ENGINE=InnoDB  DEFAULT CHARSET=latin1 AUTO_INCREMENT=7 ;

--
-- Dumping data for table `customer`
--

INSERT INTO `customer` (`cust_id`, `cust_first`, `cust_last`, `cust_address`, `cust_contact`, `balance`, `branch_id`, `credit_status`, `cust_status`, `income`) VALUES
(1, 'Francis', 'Tawiah', 'Zongo', '0546107823', '0.00', 1, '', 'Active', 0),
(2, 'Isaac', 'Abekah', 'Ntwialine', '0245634923', '202.96', 1, '', 'Active', 0),
(3, 'Yaba', 'Akua', 'Jamestown', '0205343443', '0.00', 1, '', 'Active', 0),
(4, 'John', 'Niboe', 'SDA', '0987650987', '90.00', 1, '', '', 0),
(5, 'Yaya', 'Adwoa', 'ADMOA', '98765435678', '0.00', 1, '', '', 0),
(6, 'none', 'none', 'none', 'none', '0.00', 2, '', '', 0);

-- --------------------------------------------------------

--
-- Table structure for table `history_log`
--

CREATE TABLE IF NOT EXISTS `history_log` (
`log_id` int(11) NOT NULL,
  `user_id` int(11) NOT NULL,
  `action` varchar(100) NOT NULL,
  `date` datetime NOT NULL DEFAULT CURRENT_TIMESTAMP
) ENGINE=InnoDB  DEFAULT CHARSET=latin1 AUTO_INCREMENT=102 ;

--
-- Dumping data for table `history_log`
--

INSERT INTO `history_log` (`log_id`, `user_id`, `action`, `date`) VALUES
(1, 1, 'added 5 of LG 43" UHD TV UH6100', '2017-02-04 01:10:41'),
(2, 1, 'added 100 of Lotion', '2017-02-04 01:10:49'),
(3, 1, 'added 10 of Rice Cooker', '2017-02-04 01:10:55'),
(4, 1, 'added 5 of Samsung', '2017-02-04 01:11:07'),
(5, 1, 'has logged in the system at ', '2017-02-04 08:22:52'),
(6, 1, 'has logged in the system at ', '2017-02-04 08:51:11'),
(7, 1, 'has logged in the system at ', '2017-02-04 13:13:53'),
(8, 1, 'has logged in the system at ', '2017-02-21 18:56:56'),
(9, 1, 'added a payment of -76.6 for , ', '2017-02-21 00:00:00'),
(10, 1, 'has logged in the system at ', '2019-08-13 05:32:15'),
(11, 1, 'has logged in the system at ', '2019-08-13 07:54:14'),
(12, 1, 'has logged in the system at ', '2019-08-14 00:25:08'),
(13, 1, 'added 2000 of LG 43" UHD TV UH6100', '2019-08-14 01:18:48'),
(14, 1, 'added 20000 of LG 43" UHD TV UH6100', '2019-08-14 01:19:09'),
(15, 1, 'added 100000000 of LG 43" UHD TV UH6100', '2019-08-14 01:19:24'),
(16, 1, 'has logged in the system at ', '2019-08-14 12:42:48'),
(17, 1, 'has logged in the system at ', '2019-08-15 01:47:26'),
(18, 1, 'added 10 of headSet', '2019-08-15 03:13:31'),
(19, 1, 'added 0 of headSet', '2019-08-14 19:35:17'),
(20, 1, 'added 70 of ', '2019-08-14 20:11:47'),
(21, 1, 'added 23 of ', '2019-08-14 20:13:30'),
(22, 1, 'has logged in the system at ', '2019-08-16 13:18:49'),
(23, 1, 'has logged in the system at ', '2019-08-16 23:21:20'),
(24, 1, 'has logged in the system at ', '2019-08-17 06:52:05'),
(25, 1, 'deleted   from stockin', '2019-08-17 08:10:11'),
(26, 1, 'deleted   from stockin', '2019-08-17 08:10:21'),
(27, 1, 'deleted   from stockin', '2019-08-17 08:10:27'),
(28, 1, 'deleted   from stockin', '2019-08-17 08:11:58'),
(29, 1, 'deleted   from stockin', '2019-08-17 08:12:05'),
(30, 1, 'deleted   from stockin', '2019-08-17 02:18:33'),
(31, 1, 'deleted   from stockin', '2019-08-17 02:23:24'),
(32, 1, 'deleted   from stockin', '2019-08-17 02:24:47'),
(33, 1, 'has logged in the system at ', '2019-08-18 00:01:23'),
(34, 1, 'deleted   from stockin', '2019-08-17 18:02:00'),
(35, 1, 'deleted   from stockin', '2019-08-17 18:17:00'),
(36, 1, 'deleted 5  from stockin', '2019-08-17 18:23:14'),
(37, 1, 'deleted 2000  from stockin', '2019-08-17 18:42:29'),
(38, 1, 'added 200 of Rice Cooker', '2019-08-17 16:48:45'),
(39, 1, 'deleted 100  from stockin', '2019-08-17 18:58:44'),
(40, 1, 'added 10 of headSet', '2019-08-17 17:30:42'),
(41, 1, 'deleted 10  from stockin', '2019-08-17 10:47:08'),
(42, 1, 'added 10 of headSet', '2019-08-17 18:03:40'),
(43, 1, 'deleted 10  from stockin', '2019-08-17 11:14:25'),
(44, 1, 'deleted 10  from stockin', '2019-08-17 11:14:32'),
(45, 1, 'added 10 of headSet', '2019-08-17 18:16:04'),
(46, 1, 'added 5 of headSet', '2019-08-17 18:37:45'),
(47, 1, 'has logged in the system at ', '2019-08-19 02:48:05'),
(48, 1, 'deleted 15  from stockin', '2019-08-18 12:00:33'),
(49, 1, 'deleted 12  from stockin', '2019-08-18 12:02:43'),
(50, 1, 'added 15 of headSet', '2019-08-18 12:03:52'),
(51, 1, 'has logged in the system at ', '2019-08-19 12:30:34'),
(52, 1, 'has logged in the system at ', '2019-08-19 22:02:17'),
(53, 1, 'added 20 of Chalk', '2019-08-19 07:12:08'),
(54, 1, 'added 1 of Samsung', '2019-08-19 07:13:37'),
(55, 1, 'added 9 of Samsung', '2019-08-19 07:14:56'),
(56, 1, 'deleted 5  from stockin', '2019-08-19 07:23:02'),
(57, 1, 'has logged in the system at ', '2019-08-21 00:28:41'),
(58, 1, 'has logged out the system at ', '2019-08-21 01:28:34'),
(59, 1, 'has logged in the system at ', '2019-08-21 11:47:04'),
(60, 1, 'has logged in the system at ', '2019-08-21 13:18:50'),
(61, 1, 'has logged out the system at ', '2019-08-21 13:34:01'),
(62, 1, 'has logged in the system at ', '2019-08-21 13:34:56'),
(63, 1, 'has logged in the system at ', '2019-08-22 02:01:05'),
(64, 1, 'deleted 100 Lotion from purchase request', '2019-08-21 11:32:24'),
(65, 4, 'has logged in the system at ', '2019-08-22 04:10:27'),
(66, 4, 'has logged out the system at ', '2019-08-22 04:10:58'),
(67, 1, 'has logged in the system at ', '2019-08-22 04:11:13'),
(68, 1, 'has logged out the system at ', '2019-08-22 04:22:04'),
(69, 1, 'has logged in the system at ', '2019-08-22 04:22:17'),
(70, 1, 'added 90 of Energizer Max', '2019-08-21 14:16:02'),
(71, 1, 'has logged out the system at ', '2019-08-22 05:54:49'),
(72, 1, 'has logged in the system at ', '2019-08-22 13:15:38'),
(73, 1, 'added a payment of 200 for , ', '2019-08-22 00:00:00'),
(74, 1, 'has logged in the system at ', '2019-08-23 00:33:01'),
(75, 1, 'has logged in the system at ', '2019-08-23 12:48:41'),
(76, 1, 'has logged in the system at ', '2019-08-24 05:54:59'),
(77, 1, 'added 19 of Chalk', '2019-08-23 19:37:11'),
(78, 1, 'has logged in the system at ', '2019-08-25 04:45:04'),
(79, 1, 'has logged in the system at ', '2019-08-26 02:59:20'),
(80, 1, 'has logged in the system at ', '2019-08-29 01:03:24'),
(81, 1, 'has logged in the system at ', '2019-09-04 09:47:05'),
(82, 1, 'has logged in the system at ', '2019-09-12 13:32:55'),
(83, 1, 'added 12 of paper cutter 6"', '2019-09-13 18:28:02'),
(84, 1, 'deleted 20000  from stockin', '2019-09-13 18:29:31'),
(85, 1, 'deleted 19  from stockin', '2019-09-13 18:29:41'),
(86, 1, 'deleted 20  from stockin', '2019-09-13 18:29:47'),
(87, 1, 'deleted 90  from stockin', '2019-09-13 18:30:16'),
(88, 1, 'deleted 15  from stockin', '2019-09-13 18:30:33'),
(89, 1, 'deleted 10000  from stockin', '2019-09-13 18:30:39'),
(90, 1, 'deleted 220  from stockin', '2019-09-13 18:30:46'),
(91, 1, 'deleted 10  from stockin', '2019-09-13 18:30:55'),
(92, 1, 'deleted 9  from stockin', '2019-09-13 18:31:03'),
(93, 1, 'deleted 1  from stockin', '2019-09-13 18:31:11'),
(94, 1, 'has logged out the system at ', '2019-09-14 01:53:48'),
(95, 1, 'has logged in the system at ', '2019-09-16 10:38:52'),
(96, 1, 'has logged in the system at ', '2019-09-18 21:26:27'),
(97, 1, 'has logged in the system at ', '2019-09-18 21:55:39'),
(98, 1, 'has logged out the system at ', '2019-09-19 04:30:55'),
(99, 4, 'has logged in the system at ', '2019-09-19 12:31:28'),
(100, 4, 'has logged out the system at ', '2019-09-19 04:34:20'),
(101, 1, 'has logged in the system at ', '2019-09-19 12:36:21');

-- --------------------------------------------------------

--
-- Table structure for table `income`
--

CREATE TABLE IF NOT EXISTS `income` (
`income_id` int(11) NOT NULL,
  `net_sales` decimal(10,2) NOT NULL,
  `total_discount` decimal(10,2) NOT NULL,
  `supplier_amount` decimal(10,2) NOT NULL,
  `interest_income` decimal(10,2) NOT NULL,
  `sale_expense` decimal(10,2) NOT NULL,
  `other_income` decimal(10,2) NOT NULL,
  `total_profit` decimal(10,2) NOT NULL,
  `branch_id` int(11) NOT NULL,
  `income_date` datetime NOT NULL
) ENGINE=InnoDB  DEFAULT CHARSET=latin1 AUTO_INCREMENT=14 ;

--
-- Dumping data for table `income`
--

INSERT INTO `income` (`income_id`, `net_sales`, `total_discount`, `supplier_amount`, `interest_income`, `sale_expense`, `other_income`, `total_profit`, `branch_id`, `income_date`) VALUES
(11, '200.00', '10.00', '50.00', '0.00', '0.00', '0.00', '140.00', 1, '2019-08-18 18:30:33'),
(12, '500.00', '20.00', '150.00', '0.00', '0.00', '0.00', '330.00', 1, '2019-08-18 21:55:14'),
(13, '5000.00', '100.00', '800.00', '0.00', '0.00', '0.00', '4100.00', 1, '2019-08-21 13:47:19');

-- --------------------------------------------------------

--
-- Table structure for table `installment`
--

CREATE TABLE IF NOT EXISTS `installment` (
`install_id` int(11) NOT NULL,
  `last_name` varchar(100) NOT NULL,
  `first_name` varchar(100) NOT NULL,
  `address` varchar(100) NOT NULL,
  `contact` varchar(10) NOT NULL,
  `product_name` varchar(100) NOT NULL,
  `product_price` decimal(10,2) NOT NULL,
  `quantity` int(100) NOT NULL,
  `amount_settled` decimal(10,2) NOT NULL,
  `install_status` varchar(100) NOT NULL,
  `install_date` date NOT NULL,
  `branch_id` int(11) NOT NULL
) ENGINE=InnoDB  DEFAULT CHARSET=latin1 AUTO_INCREMENT=10 ;

--
-- Dumping data for table `installment`
--

INSERT INTO `installment` (`install_id`, `last_name`, `first_name`, `address`, `contact`, `product_name`, `product_price`, `quantity`, `amount_settled`, `install_status`, `install_date`, `branch_id`) VALUES
(8, 'Agnes', 'Yaba', 'Zongo', '0987654567', 'LG 43', '45000.00', 1, '5000.00', 'Active', '2019-08-22', 1),
(9, 'Akua', 'Yankey', 'Jamestown', '0245627232', 'Energizer', '20.00', 12, '200.00', 'Active', '2019-08-23', 1);

-- --------------------------------------------------------

--
-- Table structure for table `payment`
--

CREATE TABLE IF NOT EXISTS `payment` (
`payment_id` int(11) NOT NULL,
  `cust_id` int(11) NOT NULL,
  `sales_id` int(11) NOT NULL,
  `payment` decimal(10,2) NOT NULL,
  `payment_date` datetime NOT NULL DEFAULT CURRENT_TIMESTAMP,
  `user_id` int(11) NOT NULL,
  `branch_id` int(11) NOT NULL,
  `payment_for` date NOT NULL,
  `due` decimal(10,2) NOT NULL,
  `interest` decimal(10,2) NOT NULL,
  `remaining` decimal(10,2) NOT NULL,
  `status` varchar(20) NOT NULL,
  `rebate` decimal(10,2) NOT NULL,
  `or_no` int(11) NOT NULL
) ENGINE=InnoDB  DEFAULT CHARSET=latin1 AUTO_INCREMENT=3278 ;

--
-- Dumping data for table `payment`
--

INSERT INTO `payment` (`payment_id`, `cust_id`, `sales_id`, `payment`, `payment_date`, `user_id`, `branch_id`, `payment_for`, `due`, `interest`, `remaining`, `status`, `rebate`, `or_no`) VALUES
(3156, 1, 6, '550.00', '2017-02-21 19:57:12', 1, 1, '2017-02-21', '550.00', '0.00', '0.00', 'paid', '0.00', 1901),
(3157, 2, 7, '550.00', '2017-02-21 19:57:29', 1, 1, '2017-02-21', '550.00', '0.00', '0.00', 'paid', '0.00', 1902),
(3163, 2, 9, '113.30', '2017-02-21 21:31:20', 1, 1, '2017-03-21', '113.30', '0.00', '0.00', 'paid', '0.00', 0),
(3164, 2, 9, '36.70', '2017-02-21 21:31:20', 1, 1, '2017-04-21', '113.30', '6.09', '127.98', 'partially paid', '0.00', 0),
(3165, 2, 9, '0.00', '0000-00-00 00:00:00', 1, 1, '2017-05-21', '113.30', '6.09', '164.68', '', '0.00', 0),
(3166, 2, 9, '0.00', '0000-00-00 00:00:00', 1, 1, '2017-06-21', '113.30', '6.09', '164.68', '', '0.00', 0),
(3167, 2, 9, '113.30', '2017-02-21 00:00:00', 1, 1, '2017-02-21', '113.30', '0.00', '0.00', 'paid', '0.00', 3151),
(3168, 1, 10, '12.00', '2019-08-13 05:33:19', 1, 1, '2019-08-13', '12.00', '0.00', '0.00', 'paid', '0.00', 1903),
(3169, 1, 11, '44000.00', '2019-08-13 05:37:25', 6, 1, '2019-08-13', '44000.00', '0.00', '0.00', 'paid', '0.00', 1904),
(3170, 2, 12, '15.00', '2019-08-12 23:55:24', 1, 1, '2019-08-12', '15.00', '0.00', '0.00', 'paid', '0.00', 1905),
(3171, 0, 13, '45.00', '2019-08-13 11:31:10', 1, 1, '2019-08-13', '45.00', '0.00', '0.00', 'paid', '0.00', 1906),
(3172, 1, 14, '0.00', '0000-00-00 00:00:00', 1, 1, '2019-09-13', '99999999.99', '0.00', '99999999.99', '', '0.00', 0),
(3173, 1, 14, '99999999.99', '2019-08-13 00:00:00', 1, 1, '2019-08-13', '99999999.99', '0.00', '0.00', 'paid', '0.00', 3152),
(3174, 2, 15, '4.00', '2019-08-14 01:19:57', 1, 1, '2019-08-14', '4.00', '0.00', '0.00', 'paid', '0.00', 1907),
(3175, 2, 16, '450.00', '2019-08-14 01:23:48', 1, 1, '2019-08-14', '450.00', '0.00', '0.00', 'paid', '0.00', 1908),
(3176, 3, 17, '35000.00', '2019-08-14 03:24:44', 1, 1, '2019-08-14', '35000.00', '0.00', '0.00', 'paid', '0.00', 1909),
(3177, 2, 18, '-10.00', '2019-08-16 00:56:07', 1, 1, '2019-08-16', '-10.00', '0.00', '0.00', 'paid', '0.00', 1910),
(3178, 0, 20, '-10.00', '2019-08-17 18:33:53', 1, 1, '2019-08-17', '-10.00', '0.00', '0.00', 'paid', '0.00', 1911),
(3179, 3, 21, '0.00', '2019-08-17 18:35:51', 1, 1, '2019-08-17', '0.00', '0.00', '0.00', 'paid', '0.00', 1912),
(3180, 3, 22, '0.00', '2019-08-18 19:06:41', 1, 1, '2019-08-18', '0.00', '0.00', '0.00', 'paid', '0.00', 1913),
(3181, 2, 23, '0.00', '2019-08-19 04:51:41', 1, 1, '2019-08-19', '0.00', '0.00', '0.00', 'paid', '0.00', 1914),
(3182, 1, 24, '0.00', '2019-08-19 14:16:23', 1, 1, '2019-08-19', '0.00', '0.00', '0.00', 'paid', '0.00', 1915),
(3183, 2, 25, '0.00', '2019-08-19 14:30:49', 1, 1, '2019-08-19', '0.00', '0.00', '0.00', 'paid', '0.00', 1916),
(3184, 2, 26, '0.00', '2019-08-19 15:37:28', 1, 1, '2019-08-19', '0.00', '0.00', '0.00', 'paid', '0.00', 1917),
(3185, 2, 27, '-1.00', '2019-08-19 15:38:11', 1, 1, '2019-08-19', '-1.00', '0.00', '0.00', 'paid', '0.00', 1918),
(3186, 0, 28, '0.00', '2019-08-19 16:42:10', 1, 1, '2019-08-19', '0.00', '0.00', '0.00', 'paid', '0.00', 1919),
(3187, 3, 29, '0.00', '2019-08-19 16:43:19', 1, 1, '2019-08-19', '0.00', '0.00', '0.00', 'paid', '0.00', 1920),
(3188, 2, 30, '0.00', '2019-08-19 17:05:16', 1, 1, '2019-08-19', '0.00', '0.00', '0.00', 'paid', '0.00', 1921),
(3189, 2, 31, '0.00', '2019-08-19 17:06:02', 1, 1, '2019-08-19', '0.00', '0.00', '0.00', 'paid', '0.00', 1922),
(3190, 2, 32, '-2.00', '2019-08-20 22:03:59', 6, 1, '2019-08-20', '-2.00', '0.00', '0.00', 'paid', '0.00', 1923),
(3191, 1, 33, '0.00', '2019-08-21 20:12:59', 1, 1, '2019-08-21', '0.00', '0.00', '0.00', 'paid', '0.00', 1924),
(3192, 0, 34, '0.00', '2019-08-21 13:40:03', 1, 1, '2019-09-22', '46290408.32', '0.00', '46290408.32', '', '0.00', 0),
(3193, 0, 34, '11572602.08', '2019-08-22 00:00:00', 1, 1, '2019-08-22', '11572602.08', '0.00', '0.00', 'paid', '0.00', 3153),
(3194, 1, 35, '0.00', '2019-08-21 21:17:38', 1, 1, '2019-08-21', '0.00', '0.00', '0.00', 'paid', '0.00', 1925),
(3195, 2, 36, '0.00', '2019-08-21 22:28:25', 1, 1, '2019-09-22', '32.96', '0.00', '32.96', '', '0.00', 0),
(3196, 2, 36, '8.24', '2019-08-22 00:00:00', 1, 1, '2019-08-22', '8.24', '0.00', '0.00', 'paid', '0.00', 3154),
(3197, 0, 37, '0.00', '2019-08-23 16:46:46', 1, 1, '2019-08-24', '0.11', '0.00', '0.11', '', '0.00', 0),
(3198, 0, 37, '0.00', '2019-08-23 16:46:46', 1, 1, '2019-08-25', '0.11', '0.00', '0.11', '', '0.00', 0),
(3199, 0, 37, '0.00', '2019-08-23 16:46:46', 1, 1, '2019-08-26', '0.11', '0.00', '0.11', '', '0.00', 0),
(3200, 0, 37, '0.00', '2019-08-23 16:46:47', 1, 1, '2019-08-27', '0.11', '0.00', '0.11', '', '0.00', 0),
(3201, 0, 37, '0.00', '2019-08-23 16:46:47', 1, 1, '2019-08-28', '0.11', '0.00', '0.11', '', '0.00', 0),
(3202, 0, 37, '0.00', '2019-08-23 16:46:47', 1, 1, '2019-08-29', '0.11', '0.00', '0.11', '', '0.00', 0),
(3203, 0, 37, '0.00', '2019-08-23 16:46:47', 1, 1, '2019-08-30', '0.11', '0.00', '0.11', '', '0.00', 0),
(3204, 0, 37, '0.00', '2019-08-23 16:46:47', 1, 1, '2019-08-31', '0.11', '0.00', '0.11', '', '0.00', 0),
(3205, 0, 37, '0.00', '2019-08-23 16:46:47', 1, 1, '2019-09-01', '0.11', '0.00', '0.11', '', '0.00', 0),
(3206, 0, 37, '0.00', '2019-08-23 16:46:47', 1, 1, '2019-09-02', '0.11', '0.00', '0.11', '', '0.00', 0),
(3207, 0, 37, '0.00', '2019-08-23 16:46:47', 1, 1, '2019-09-03', '0.11', '0.00', '0.11', '', '0.00', 0),
(3208, 0, 37, '0.00', '2019-08-23 16:46:47', 1, 1, '2019-09-04', '0.11', '0.00', '0.11', '', '0.00', 0),
(3209, 0, 37, '0.00', '2019-08-23 16:46:47', 1, 1, '2019-09-05', '0.11', '0.00', '0.11', '', '0.00', 0),
(3210, 0, 37, '0.00', '2019-08-23 16:46:47', 1, 1, '2019-09-06', '0.11', '0.00', '0.11', '', '0.00', 0),
(3211, 0, 37, '0.00', '2019-08-23 16:46:47', 1, 1, '2019-09-07', '0.11', '0.00', '0.11', '', '0.00', 0),
(3212, 0, 37, '0.00', '2019-08-23 16:46:47', 1, 1, '2019-09-08', '0.11', '0.00', '0.11', '', '0.00', 0),
(3213, 0, 37, '0.00', '2019-08-23 16:46:47', 1, 1, '2019-09-09', '0.11', '0.00', '0.11', '', '0.00', 0),
(3214, 0, 37, '0.00', '2019-08-23 16:46:48', 1, 1, '2019-09-10', '0.11', '0.00', '0.11', '', '0.00', 0),
(3215, 0, 37, '0.00', '2019-08-23 16:46:48', 1, 1, '2019-09-11', '0.11', '0.00', '0.11', '', '0.00', 0),
(3216, 0, 37, '0.00', '2019-08-23 16:46:48', 1, 1, '2019-09-12', '0.11', '0.00', '0.11', '', '0.00', 0),
(3217, 0, 37, '0.00', '2019-08-23 16:46:48', 1, 1, '2019-09-13', '0.11', '0.00', '0.11', '', '0.00', 0),
(3218, 0, 37, '0.00', '2019-08-23 16:46:48', 1, 1, '2019-09-14', '0.11', '0.00', '0.11', '', '0.00', 0),
(3219, 0, 37, '0.00', '2019-08-23 16:46:48', 1, 1, '2019-09-15', '0.11', '0.00', '0.11', '', '0.00', 0),
(3220, 0, 37, '0.00', '2019-08-23 16:46:48', 1, 1, '2019-09-16', '0.11', '0.00', '0.11', '', '0.00', 0),
(3221, 0, 37, '0.00', '2019-08-23 16:46:48', 1, 1, '2019-09-17', '0.11', '0.00', '0.11', '', '0.00', 0),
(3222, 0, 37, '0.00', '2019-08-23 16:46:48', 1, 1, '2019-09-18', '0.11', '0.00', '0.11', '', '0.00', 0),
(3223, 0, 37, '0.00', '2019-08-23 16:46:48', 1, 1, '2019-09-19', '0.11', '0.00', '0.11', '', '0.00', 0),
(3224, 0, 37, '0.00', '2019-08-23 16:46:48', 1, 1, '2019-09-20', '0.11', '0.00', '0.11', '', '0.00', 0),
(3225, 0, 37, '0.00', '2019-08-23 16:46:48', 1, 1, '2019-09-21', '0.11', '0.00', '0.11', '', '0.00', 0),
(3226, 0, 37, '0.00', '2019-08-23 16:46:48', 1, 1, '2019-09-22', '0.11', '0.00', '0.11', '', '0.00', 0),
(3227, 0, 37, '0.82', '2019-08-24 00:00:00', 1, 1, '2019-08-24', '0.82', '0.00', '0.00', 'paid', '0.00', 3155),
(3228, 0, 38, '0.00', '2019-08-24 14:46:08', 1, 1, '2019-09-24', '148320.00', '0.00', '148320.00', '', '0.00', 0),
(3229, 0, 38, '37080.00', '2019-08-24 00:00:00', 1, 1, '2019-08-24', '37080.00', '0.00', '0.00', 'paid', '0.00', 3156),
(3230, 0, 39, '0.00', '2019-08-25 05:53:25', 1, 1, '2019-08-25', '0.00', '0.00', '0.00', 'paid', '0.00', 1926),
(3231, 2, 40, '0.00', '2019-08-25 05:53:42', 1, 1, '2019-08-25', '0.00', '0.00', '0.00', 'paid', '0.00', 1927),
(3232, 0, 41, '0.00', '2019-08-25 05:55:17', 1, 1, '2019-08-25', '0.00', '0.00', '0.00', 'paid', '0.00', 1928),
(3233, 4, 42, '0.00', '2019-08-25 05:56:09', 1, 1, '2019-08-25', '0.00', '0.00', '0.00', 'paid', '0.00', 1929),
(3234, 0, 43, '0.00', '2019-08-25 05:57:09', 1, 1, '2019-08-25', '0.00', '0.00', '0.00', 'paid', '0.00', 1930),
(3235, 0, 44, '0.00', '2019-08-25 05:58:48', 1, 1, '2019-08-25', '0.00', '0.00', '0.00', 'paid', '0.00', 1931),
(3236, 0, 45, '0.00', '2019-08-25 06:04:04', 1, 1, '2019-08-25', '0.00', '0.00', '0.00', 'paid', '0.00', 1932),
(3237, 0, 46, '0.00', '2019-08-25 06:04:43', 1, 1, '2019-08-25', '0.00', '0.00', '0.00', 'paid', '0.00', 1933),
(3238, 0, 47, '0.00', '2019-08-25 06:09:58', 1, 1, '2019-08-25', '0.00', '0.00', '0.00', 'paid', '0.00', 1934),
(3239, 0, 48, '0.00', '2019-08-25 06:11:35', 1, 1, '2019-08-25', '0.00', '0.00', '0.00', 'paid', '0.00', 1935),
(3240, 0, 49, '0.00', '2019-08-25 06:15:21', 1, 1, '2019-08-25', '0.00', '0.00', '0.00', 'paid', '0.00', 1936),
(3241, 0, 50, '-3000.00', '2019-08-25 06:17:18', 1, 1, '2019-08-25', '-3000.00', '0.00', '0.00', 'paid', '0.00', 1937),
(3242, 5, 51, '0.00', '2019-08-25 06:23:05', 1, 1, '2019-08-25', '0.00', '0.00', '0.00', 'paid', '0.00', 1938),
(3243, 5, 52, '0.00', '2019-08-25 06:23:59', 1, 1, '2019-08-25', '0.00', '0.00', '0.00', 'paid', '0.00', 1939),
(3244, 0, 53, '0.00', '2019-08-25 06:24:46', 1, 1, '2019-08-25', '0.00', '0.00', '0.00', 'paid', '0.00', 1940),
(3245, 0, 54, '0.00', '2019-08-25 06:25:29', 1, 1, '2019-08-25', '0.00', '0.00', '0.00', 'paid', '0.00', 1941),
(3246, 0, 55, '0.00', '2019-08-25 06:26:10', 1, 1, '2019-08-25', '0.00', '0.00', '0.00', 'paid', '0.00', 1942),
(3247, 3, 57, '20.00', '2019-08-25 19:00:29', 1, 1, '2019-08-25', '20.00', '0.00', '0.00', 'paid', '0.00', 1943),
(3248, 1, 58, '45.00', '2019-08-25 19:00:54', 1, 1, '2019-08-25', '45.00', '0.00', '0.00', 'paid', '0.00', 1944),
(3249, 0, 60, '89000.00', '2019-08-28 17:17:40', 1, 1, '2019-08-28', '89000.00', '0.00', '0.00', 'paid', '0.00', 1945),
(3250, 2, 61, '0.00', '2019-08-28 17:37:35', 1, 1, '2019-08-28', '0.00', '0.00', '0.00', 'paid', '0.00', 1946),
(3251, 2, 62, '0.00', '2019-08-28 17:39:06', 1, 1, '2019-08-28', '0.00', '0.00', '0.00', 'paid', '0.00', 1947),
(3252, 2, 63, '45.00', '2019-09-04 02:19:37', 1, 1, '2019-09-04', '45.00', '0.00', '0.00', 'paid', '0.00', 1948),
(3253, 2, 64, '44600.00', '2019-09-16 02:39:34', 1, 1, '2019-09-16', '44600.00', '0.00', '0.00', 'paid', '0.00', 1949),
(3254, 0, 65, '22.00', '2019-09-18 13:26:48', 1, 1, '2019-09-18', '22.00', '0.00', '0.00', 'paid', '0.00', 1950),
(3255, 0, 66, '0.00', '2019-09-18 13:32:17', 1, 1, '2019-09-18', '0.00', '0.00', '0.00', 'paid', '0.00', 1951),
(3256, 0, 67, '0.00', '2019-09-18 13:33:08', 1, 1, '2019-09-18', '0.00', '0.00', '0.00', 'paid', '0.00', 1952),
(3257, 0, 68, '45.00', '2019-09-18 13:33:30', 1, 1, '2019-09-18', '45.00', '0.00', '0.00', 'paid', '0.00', 1953),
(3258, 5, 69, '20.00', '2019-09-18 13:33:54', 1, 1, '2019-09-18', '20.00', '0.00', '0.00', 'paid', '0.00', 1954),
(3259, 0, 70, '90.00', '2019-09-18 13:39:31', 1, 1, '2019-09-18', '90.00', '0.00', '0.00', 'paid', '0.00', 1955),
(3260, 5, 71, '45.00', '2019-09-18 13:56:05', 1, 1, '2019-09-18', '45.00', '0.00', '0.00', 'paid', '0.00', 1956),
(3261, 0, 74, '40.00', '2019-09-18 14:00:21', 1, 1, '2019-09-18', '40.00', '0.00', '0.00', 'paid', '0.00', 1957),
(3262, 0, 75, '60.00', '2019-09-18 14:01:15', 1, 1, '2019-09-18', '60.00', '0.00', '0.00', 'paid', '0.00', 1958),
(3263, 0, 76, '36.00', '2019-09-18 14:02:22', 1, 1, '2019-09-18', '36.00', '0.00', '0.00', 'paid', '0.00', 1959),
(3264, 0, 77, '90.00', '2019-09-18 14:09:38', 1, 1, '2019-09-18', '90.00', '0.00', '0.00', 'paid', '0.00', 1960),
(3265, 0, 78, '10.00', '2019-09-18 16:23:58', 1, 1, '2019-09-18', '10.00', '0.00', '0.00', 'paid', '0.00', 1961),
(3266, 4, 79, '45.00', '2019-09-18 16:29:23', 1, 1, '2019-09-18', '45.00', '0.00', '0.00', 'paid', '0.00', 1962),
(3267, 0, 80, '40.00', '2019-09-18 16:31:51', 1, 1, '2019-09-18', '40.00', '0.00', '0.00', 'paid', '0.00', 1963),
(3268, 2, 81, '0.00', '2019-09-18 16:34:00', 1, 1, '2019-09-18', '0.00', '0.00', '0.00', 'paid', '0.00', 1964),
(3269, 0, 82, '40.00', '2019-09-18 16:35:12', 1, 1, '2019-09-18', '40.00', '0.00', '0.00', 'paid', '0.00', 1965),
(3270, 2, 83, '20.00', '2019-09-18 16:35:45', 1, 1, '2019-09-18', '20.00', '0.00', '0.00', 'paid', '0.00', 1966),
(3271, 0, 84, '40.00', '2019-09-18 16:38:11', 1, 1, '2019-09-18', '40.00', '0.00', '0.00', 'paid', '0.00', 1967),
(3272, 2, 85, '90.00', '2019-09-19 04:22:40', 1, 1, '2019-09-19', '90.00', '0.00', '0.00', 'paid', '0.00', 1968),
(3273, 5, 86, '135.00', '2019-09-19 04:23:16', 1, 1, '2019-09-19', '135.00', '0.00', '0.00', 'paid', '0.00', 1969),
(3274, 4, 87, '45.00', '2019-09-19 04:24:08', 1, 1, '2019-09-19', '45.00', '0.00', '0.00', 'paid', '0.00', 1970),
(3275, 1, 88, '45.00', '2019-09-19 04:27:00', 1, 1, '2019-09-19', '45.00', '0.00', '0.00', 'paid', '0.00', 1971),
(3276, 6, 89, '0.00', '2019-09-19 04:32:31', 4, 2, '2019-09-19', '0.00', '0.00', '0.00', 'paid', '0.00', 1972),
(3277, 6, 90, '0.00', '2019-09-19 04:32:38', 4, 2, '2019-09-19', '0.00', '0.00', '0.00', 'paid', '0.00', 1973);

-- --------------------------------------------------------

--
-- Table structure for table `product`
--

CREATE TABLE IF NOT EXISTS `product` (
`prod_id` int(11) NOT NULL,
  `prod_name` varchar(100) NOT NULL,
  `prod_price` decimal(10,2) NOT NULL,
  `brand_id` int(11) NOT NULL,
  `cat_id` int(11) NOT NULL,
  `prod_qty` int(11) NOT NULL,
  `branch_id` int(11) NOT NULL,
  `reorder` int(11) NOT NULL,
  `supplier_id` int(11) NOT NULL,
  `prod_status` varchar(100) NOT NULL
) ENGINE=InnoDB  DEFAULT CHARSET=latin1 AUTO_INCREMENT=26 ;

--
-- Dumping data for table `product`
--

INSERT INTO `product` (`prod_id`, `prod_name`, `prod_price`, `brand_id`, `cat_id`, `prod_qty`, `branch_id`, `reorder`, `supplier_id`, `prod_status`) VALUES
(5, 'LG 43', '45000.00', 1, 5, 99920735, 1, 0, 4, 'Active'),
(13, 'Rice Cooker', '550.00', 1, 9, 0, 1, 2, 4, 'Active'),
(14, 'Samsung', '15000.00', 1, 10, 0, 1, 0, 5, 'Active'),
(15, 'Lotion', '120.00', 1, 12, 0, 1, 100, 6, 'Active'),
(16, 'Sample', '110.00', 1, 10, -1, 1, 1, 2, 'Active'),
(21, 'headSet', '12.00', 1, 10, -122, 1, 0, 7, 'Active'),
(23, 'Chalk', '20.00', 1, 9, -2, 1, 1, 2, 'Active'),
(24, 'Energizer Max', '20.00', 2, 10, 49, 1, 0, 2, 'Active'),
(25, 'paper cutter 6"', '2.00', 2, 10, 5, 1, 0, 2, 'Active');

-- --------------------------------------------------------

--
-- Table structure for table `purchase_request`
--

CREATE TABLE IF NOT EXISTS `purchase_request` (
`pr_id` int(11) NOT NULL,
  `prod_id` int(11) NOT NULL,
  `qty` int(11) NOT NULL,
  `request_date` datetime NOT NULL DEFAULT CURRENT_TIMESTAMP,
  `branch_id` int(11) NOT NULL,
  `purchase_status` varchar(10) NOT NULL
) ENGINE=InnoDB DEFAULT CHARSET=latin1 AUTO_INCREMENT=1 ;

-- --------------------------------------------------------

--
-- Table structure for table `sales`
--

CREATE TABLE IF NOT EXISTS `sales` (
`sales_id` int(11) NOT NULL,
  `cust_id` int(11) NOT NULL,
  `user_id` int(11) NOT NULL,
  `cash_tendered` decimal(10,2) DEFAULT NULL,
  `discount` decimal(10,2) DEFAULT NULL,
  `amount_due` decimal(10,2) NOT NULL,
  `cash_change` decimal(10,2) DEFAULT NULL,
  `date_added` datetime NOT NULL DEFAULT CURRENT_TIMESTAMP,
  `modeofpayment` varchar(15) NOT NULL,
  `branch_id` int(11) NOT NULL,
  `total` decimal(10,2) NOT NULL
) ENGINE=InnoDB  DEFAULT CHARSET=latin1 AUTO_INCREMENT=91 ;

--
-- Dumping data for table `sales`
--

INSERT INTO `sales` (`sales_id`, `cust_id`, `user_id`, `cash_tendered`, `discount`, `amount_due`, `cash_change`, `date_added`, `modeofpayment`, `branch_id`, `total`) VALUES
(1, 1, 1, '500.00', '50.00', '500.00', '0.00', '2017-02-04 00:00:00', 'cash', 1, '450.00'),
(2, 1, 1, '550.00', '0.00', '550.00', '0.00', '2017-02-21 00:00:00', 'cash', 1, '550.00'),
(3, 1, 1, '0.00', '550.00', '0.00', '0.00', '2017-02-21 00:00:00', 'cash', 1, '-550.00'),
(4, 1, 1, '550.00', '0.00', '550.00', '0.00', '2017-02-21 00:00:00', 'cash', 1, '550.00'),
(5, 2, 1, '110.00', '0.00', '110.00', '0.00', '2017-02-21 00:00:00', 'cash', 1, '110.00'),
(6, 1, 1, '550.00', '0.00', '550.00', '0.00', '2017-02-21 00:00:00', 'cash', 1, '550.00'),
(7, 2, 1, '550.00', '0.00', '550.00', '0.00', '2017-02-21 00:00:00', 'cash', 1, '550.00'),
(9, 2, 1, NULL, NULL, '0.00', NULL, '2017-02-21 00:00:00', 'credit', 1, '550.00'),
(10, 1, 1, '0.00', '0.00', '12.00', '0.00', '2019-08-13 00:00:00', 'cash', 1, '12.00'),
(11, 1, 6, '0.00', '500.00', '44500.00', '-44500.00', '2019-08-13 00:00:00', 'cash', 1, '44000.00'),
(12, 2, 1, '0.00', '0.00', '15.00', '0.00', '2019-08-12 00:00:00', 'cash', 1, '15.00'),
(13, 0, 1, '0.00', '0.00', '45.00', '0.00', '2019-08-13 00:00:00', 'cash', 1, '45.00'),
(14, 1, 1, NULL, NULL, '0.00', NULL, '2019-08-13 00:00:00', 'credit', 1, '9.00'),
(15, 2, 1, '0.00', '0.00', '4.00', '0.00', '2019-08-14 00:00:00', 'cash', 1, '4.00'),
(16, 2, 1, '0.00', '0.00', '450.00', '0.00', '2019-08-14 00:00:00', 'cash', 1, '450.00'),
(17, 3, 1, '40000.00', '5000.00', '40000.00', '0.00', '2019-08-14 00:00:00', 'cash', 1, '35000.00'),
(18, 2, 1, '0.00', '10.00', '0.00', '0.00', '2019-08-16 00:00:00', 'cash', 1, '-10.00'),
(21, 3, 1, '0.00', '0.00', '0.00', '0.00', '2019-08-17 11:35:51', 'cash', 1, '0.00'),
(22, 3, 1, '0.00', '0.00', '0.00', '0.00', '2019-08-18 12:06:41', 'cash', 1, '0.00'),
(23, 2, 1, '0.00', '0.00', '0.00', '0.00', '2019-08-18 21:51:41', 'cash', 1, '0.00'),
(24, 1, 1, '0.00', '0.00', '0.00', '0.00', '2019-08-19 07:16:23', 'cash', 1, '0.00'),
(25, 2, 1, '0.00', '0.00', '0.00', '0.00', '2019-08-19 07:30:49', 'cash', 1, '0.00'),
(26, 2, 1, '0.00', '0.00', '0.00', '0.00', '2019-08-19 08:37:28', 'cash', 1, '0.00'),
(27, 2, 1, '0.00', '1.00', '0.00', '0.00', '2019-08-19 08:38:11', 'cash', 1, '-1.00'),
(28, 0, 1, '0.00', '0.00', '0.00', '0.00', '2019-08-19 09:42:10', 'cash', 1, '0.00'),
(29, 3, 1, '0.00', '0.00', '0.00', '0.00', '2019-08-19 09:43:19', 'cash', 1, '0.00'),
(30, 2, 1, '0.00', '0.00', '0.00', '0.00', '2019-08-19 10:05:16', 'cash', 1, '0.00'),
(31, 2, 1, '0.00', '0.00', '0.00', '0.00', '2019-08-19 10:06:02', 'cash', 1, '0.00'),
(32, 2, 6, '0.00', '2.00', '0.00', '0.00', '2019-08-20 22:03:59', 'cash', 1, '-2.00'),
(33, 1, 1, '2.00', '0.00', '0.00', '0.00', '2019-08-21 13:12:59', 'cash', 1, '0.00'),
(34, 0, 1, NULL, NULL, '0.00', NULL, '2019-08-21 20:39:36', 'credit', 1, '0.00'),
(35, 1, 1, '0.00', '0.00', '0.00', '0.00', '2019-08-21 14:17:38', 'cash', 1, '0.00'),
(36, 2, 1, NULL, NULL, '0.00', NULL, '2019-08-22 13:26:39', 'credit', 1, '40.00'),
(37, 0, 1, NULL, NULL, '0.00', NULL, '2019-08-23 23:46:26', 'credit', 1, '0.00'),
(38, 0, 1, NULL, NULL, '0.00', NULL, '2019-08-24 21:46:00', 'credit', 1, '0.00'),
(39, 0, 1, '0.00', '0.00', '0.00', '0.00', '2019-08-24 22:53:25', 'cash', 1, '0.00'),
(40, 2, 1, '0.00', '0.00', '0.00', '0.00', '2019-08-24 22:53:42', 'cash', 1, '0.00'),
(41, 0, 1, '0.00', '0.00', '0.00', '0.00', '2019-08-24 22:55:17', 'cash', 1, '0.00'),
(42, 4, 1, '0.00', '0.00', '0.00', '0.00', '2019-08-24 22:56:09', 'cash', 1, '0.00'),
(43, 0, 1, '0.00', '0.00', '0.00', '0.00', '2019-08-24 22:57:09', 'cash', 1, '0.00'),
(44, 0, 1, '0.00', '0.00', '0.00', '0.00', '2019-08-24 22:58:48', 'cash', 1, '0.00'),
(45, 0, 1, '0.00', '0.00', '0.00', '0.00', '2019-08-24 23:04:04', 'cash', 1, '0.00'),
(46, 0, 1, '0.00', '0.00', '0.00', '0.00', '2019-08-24 23:04:43', 'cash', 1, '0.00'),
(47, 0, 1, '0.00', '0.00', '0.00', '0.00', '2019-08-24 23:09:58', 'cash', 1, '0.00'),
(48, 0, 1, '0.00', '0.00', '0.00', '0.00', '2019-08-24 23:11:35', 'cash', 1, '0.00'),
(49, 0, 1, '0.00', '0.00', '0.00', '0.00', '2019-08-24 23:15:21', 'cash', 1, '0.00'),
(50, 0, 1, '0.00', '3000.00', '0.00', '0.00', '2019-08-24 23:17:18', 'cash', 1, '-3000.00'),
(51, 5, 1, '0.00', '0.00', '0.00', '0.00', '2019-08-24 23:23:05', 'cash', 1, '0.00'),
(52, 5, 1, '0.00', '0.00', '0.00', '0.00', '2019-08-24 23:23:59', 'cash', 1, '0.00'),
(53, 0, 1, '4.00', '0.00', '0.00', '0.00', '2019-08-24 23:24:46', 'cash', 1, '0.00'),
(54, 0, 1, '0.00', '0.00', '0.00', '0.00', '2019-08-24 23:25:29', 'cash', 1, '0.00'),
(55, 0, 1, '0.00', '0.00', '0.00', '0.00', '2019-08-24 23:26:10', 'cash', 1, '0.00'),
(56, 2, 1, NULL, NULL, '0.00', NULL, '2019-08-26 02:59:54', 'credit', 1, '90.00'),
(57, 3, 1, '0.00', '0.00', '20.00', '0.00', '2019-08-25 19:00:29', 'cash', 1, '20.00'),
(58, 1, 1, '0.00', '0.00', '45.00', '0.00', '2019-08-25 19:00:54', 'cash', 1, '45.00'),
(59, 4, 1, NULL, NULL, '0.00', NULL, '2019-08-26 03:01:46', 'credit', 1, '90.00'),
(60, 0, 1, '89500.00', '500.00', '89500.00', '0.00', '2019-08-28 10:17:40', 'cash', 1, '89000.00'),
(61, 2, 1, '0.00', '0.00', '0.00', '0.00', '2019-08-28 10:37:35', 'cash', 1, '0.00'),
(62, 2, 1, '0.00', '0.00', '0.00', '0.00', '2019-08-28 10:39:06', 'cash', 1, '0.00'),
(63, 2, 1, '0.00', '0.00', '45.00', '0.00', '2019-09-03 19:19:37', 'cash', 1, '45.00'),
(64, 2, 1, '44800.00', '200.00', '44800.00', '0.00', '2019-09-15 19:39:34', 'cash', 1, '44600.00'),
(65, 0, 1, '0.00', '0.00', '22.00', '0.00', '2019-09-18 06:26:48', 'cash', 1, '22.00'),
(66, 0, 1, '0.00', '0.00', '0.00', '0.00', '2019-09-18 06:32:17', 'cash', 1, '0.00'),
(67, 0, 1, '0.00', '0.00', '0.00', '0.00', '2019-09-18 06:33:08', 'cash', 1, '0.00'),
(68, 0, 1, '0.00', '0.00', '45.00', '0.00', '2019-09-18 06:33:30', 'cash', 1, '45.00'),
(69, 5, 1, '0.00', '0.00', '20.00', '0.00', '2019-09-18 06:33:54', 'cash', 1, '20.00'),
(70, 0, 1, '0.00', '0.00', '90.00', '0.00', '2019-09-18 06:39:31', 'cash', 1, '90.00'),
(71, 5, 1, '0.00', '0.00', '45.00', '0.00', '2019-09-18 13:56:05', 'cash', 1, '45.00'),
(72, 2, 1, NULL, NULL, '0.00', NULL, '2019-09-18 21:56:52', 'credit', 1, '40.00'),
(73, 2, 1, NULL, NULL, '0.00', NULL, '2019-09-18 21:59:12', 'credit', 1, '40.00'),
(74, 0, 1, '0.00', '0.00', '40.00', '0.00', '2019-09-18 14:00:21', 'cash', 1, '40.00'),
(75, 0, 1, '0.00', '0.00', '60.00', '0.00', '2019-09-18 14:01:15', 'cash', 1, '60.00'),
(76, 0, 1, '38.00', '2.00', '38.00', '0.00', '2019-09-18 14:02:22', 'cash', 1, '36.00'),
(77, 0, 1, '0.00', '0.00', '90.00', '0.00', '2019-09-18 14:09:38', 'cash', 1, '90.00'),
(78, 0, 1, '15.00', '5.00', '15.00', '0.00', '2019-09-18 16:23:58', 'cash', 1, '10.00'),
(79, 4, 1, '0.00', '0.00', '45.00', '0.00', '2019-09-18 09:29:23', 'cash', 1, '45.00'),
(80, 0, 1, '0.00', '0.00', '40.00', '0.00', '2019-09-18 09:31:51', 'cash', 1, '40.00'),
(81, 2, 1, '0.00', '0.00', '0.00', '0.00', '2019-09-18 09:34:00', 'cash', 1, '0.00'),
(82, 0, 1, '0.00', '0.00', '40.00', '0.00', '2019-09-18 09:35:12', 'cash', 1, '40.00'),
(83, 2, 1, '0.00', '0.00', '20.00', '0.00', '2019-09-18 09:35:45', 'cash', 1, '20.00'),
(84, 0, 1, '0.00', '0.00', '40.00', '0.00', '2019-09-18 09:38:11', 'cash', 1, '40.00'),
(85, 2, 1, '0.00', '0.00', '90.00', '0.00', '2019-09-18 21:22:40', 'cash', 1, '90.00'),
(86, 5, 1, '0.00', '0.00', '135.00', '0.00', '2019-09-18 21:23:16', 'cash', 1, '135.00'),
(87, 4, 1, '0.00', '0.00', '45.00', '0.00', '2019-09-18 21:24:08', 'cash', 1, '45.00'),
(88, 1, 1, '0.00', '0.00', '45.00', '0.00', '2019-09-18 21:27:00', 'cash', 1, '45.00'),
(89, 6, 4, '0.00', '0.00', '0.00', '0.00', '2019-09-18 21:32:31', 'cash', 2, '0.00'),
(90, 6, 4, '0.00', '0.00', '0.00', '0.00', '2019-09-18 21:32:38', 'cash', 2, '0.00');

-- --------------------------------------------------------

--
-- Table structure for table `sales_details`
--

CREATE TABLE IF NOT EXISTS `sales_details` (
`sales_details_id` int(11) NOT NULL,
  `sales_id` int(11) NOT NULL,
  `prod_id` int(11) NOT NULL,
  `price` decimal(10,2) NOT NULL,
  `qty` int(11) NOT NULL
) ENGINE=InnoDB  DEFAULT CHARSET=latin1 AUTO_INCREMENT=95 ;

--
-- Dumping data for table `sales_details`
--

INSERT INTO `sales_details` (`sales_details_id`, `sales_id`, `prod_id`, `price`, `qty`) VALUES
(31, 30, 14, '15000.00', 1),
(32, 31, 14, '15000.00', 2),
(33, 32, 23, '2.00', 5),
(34, 33, 23, '2.00', 1),
(35, 34, 21, '480.00', 141),
(36, 34, 5, '45000.00', 1000),
(37, 34, 13, '55550.00', 200),
(38, 35, 24, '20.00', 1),
(39, 36, 24, '20.00', 2),
(40, 37, 23, '2.00', 2),
(41, 38, 5, '45000.00', 4),
(42, 39, 5, '45000.00', 11),
(43, 41, 23, '2.00', 11),
(44, 42, 24, '20.00', 1),
(45, 43, 24, '20.00', 2),
(46, 44, 23, '2.00', 2),
(47, 45, 23, '2.00', 2),
(48, 46, 23, '2.00', 2),
(49, 47, 23, '2.00', 2),
(50, 47, 24, '20.00', 1),
(51, 48, 5, '45000.00', 100),
(52, 49, 5, '45000.00', 2),
(53, 50, 5, '45000.00', 2),
(54, 52, 5, '45000.00', 1),
(55, 53, 23, '2.00', 2),
(56, 54, 5, '45000.00', 1),
(57, 55, 5, '45000.00', 1),
(58, 55, 24, '20.00', 1),
(59, 56, 5, '45000.00', 2),
(60, 57, 24, '20.00', 1),
(61, 58, 5, '45000.00', 1),
(62, 59, 5, '45000.00', 2),
(63, 60, 5, '45000.00', 2),
(64, 63, 5, '45000.00', 1),
(65, 64, 5, '45000.00', 1),
(66, 65, 24, '20.00', 1),
(67, 65, 25, '2.00', 1),
(68, 66, 5, '45000.00', 1),
(69, 68, 5, '45000.00', 1),
(70, 69, 24, '20.00', 1),
(71, 70, 5, '45000.00', 2),
(72, 71, 5, '45000.00', 1),
(73, 72, 24, '20.00', 2),
(74, 73, 24, '20.00', 2),
(75, 74, 24, '20.00', 2),
(76, 75, 24, '20.00', 3),
(77, 76, 24, '20.00', 2),
(78, 77, 5, '45000.00', 2),
(79, 78, 24, '20.00', 1),
(80, 79, 24, '20.00', 1),
(81, 79, 5, '45000.00', 1),
(82, 79, 25, '2.00', 1),
(83, 79, 23, '20.00', 1),
(84, 80, 24, '20.00', 2),
(85, 82, 24, '20.00', 2),
(86, 83, 24, '20.00', 1),
(87, 84, 24, '20.00', 2),
(88, 85, 5, '45000.00', 2),
(89, 86, 5, '45000.00', 3),
(90, 87, 5, '45000.00', 1),
(91, 87, 24, '20.00', 3),
(92, 88, 5, '45000.00', 1),
(93, 88, 24, '20.00', 7),
(94, 88, 25, '2.00', 5);

-- --------------------------------------------------------

--
-- Table structure for table `stockin`
--

CREATE TABLE IF NOT EXISTS `stockin` (
`stockin_id` int(11) NOT NULL,
  `prod_id` int(11) NOT NULL,
  `qty` int(6) NOT NULL,
  `cost_per_product` decimal(10,2) NOT NULL,
  `date` datetime NOT NULL,
  `branch_id` int(11) NOT NULL
) ENGINE=InnoDB  DEFAULT CHARSET=latin1 AUTO_INCREMENT=24 ;

--
-- Dumping data for table `stockin`
--

INSERT INTO `stockin` (`stockin_id`, `prod_id`, `qty`, `cost_per_product`, `date`, `branch_id`) VALUES
(10, 20, 70, '10.00', '2019-08-14 20:11:47', 1),
(11, 20, 23, '20.00', '2019-08-14 20:13:30', 1),
(23, 25, 12, '1.00', '2019-09-13 18:28:02', 1);

-- --------------------------------------------------------

--
-- Table structure for table `stockout`
--

CREATE TABLE IF NOT EXISTS `stockout` (
`stockout_id` int(11) NOT NULL,
  `prod_id` int(11) NOT NULL,
  `qty` int(100) NOT NULL,
  `date` date NOT NULL,
  `price` decimal(10,2) NOT NULL,
  `total` varchar(100) NOT NULL,
  `user_id` int(11) NOT NULL
) ENGINE=InnoDB DEFAULT CHARSET=latin1 AUTO_INCREMENT=1 ;

-- --------------------------------------------------------

--
-- Table structure for table `supplier`
--

CREATE TABLE IF NOT EXISTS `supplier` (
`supplier_id` int(11) NOT NULL,
  `supplier_name` varchar(100) NOT NULL,
  `supplier_address` varchar(300) NOT NULL,
  `supplier_contact` varchar(50) NOT NULL,
  `supplier_status` varchar(100) NOT NULL
) ENGINE=InnoDB  DEFAULT CHARSET=latin1 AUTO_INCREMENT=8 ;

--
-- Dumping data for table `supplier`
--

INSERT INTO `supplier` (`supplier_id`, `supplier_name`, `supplier_address`, `supplier_contact`, `supplier_status`) VALUES
(2, 'LG Philippines', 'Tarkwa', '423-4444', 'Active'),
(3, 'Union Home Appliances', 'Dompim Pepesa', '98878', 'Active'),
(4, 'Hanabishi', 'Accra', '034-666-087611', 'Active'),
(5, 'Samsung Philippines', 'Accra, Tema', '42424', 'Active'),
(6, 'Avon', 'Tarkwa', '15562', 'Active'),
(7, 'iStore PH', 'Kumasi', '09134567890', 'Active');

-- --------------------------------------------------------

--
-- Table structure for table `temp_trans`
--

CREATE TABLE IF NOT EXISTS `temp_trans` (
`temp_trans_id` int(11) NOT NULL,
  `prod_id` int(11) NOT NULL,
  `price` decimal(10,2) NOT NULL,
  `qty` int(11) NOT NULL,
  `branch_id` int(11) NOT NULL
) ENGINE=InnoDB DEFAULT CHARSET=latin1 AUTO_INCREMENT=1 ;

-- --------------------------------------------------------

--
-- Table structure for table `term`
--

CREATE TABLE IF NOT EXISTS `term` (
`term_id` int(11) NOT NULL,
  `sales_id` int(11) DEFAULT NULL,
  `payable_for` varchar(10) NOT NULL,
  `term` varchar(11) NOT NULL,
  `due` decimal(10,2) NOT NULL,
  `payment_start` date NOT NULL,
  `down` decimal(10,2) NOT NULL,
  `due_date` date NOT NULL,
  `interest` decimal(10,2) NOT NULL,
  `status` varchar(10) NOT NULL
) ENGINE=InnoDB  DEFAULT CHARSET=latin1 AUTO_INCREMENT=8 ;

--
-- Dumping data for table `term`
--

INSERT INTO `term` (`term_id`, `sales_id`, `payable_for`, `term`, `due`, `payment_start`, `down`, `due_date`, `interest`, `status`) VALUES
(1, 8, '4', 'monthly', '113.30', '2017-02-21', '113.30', '2017-06-21', '16.50', ''),
(2, 9, '4', 'monthly', '113.30', '2017-02-21', '113.30', '2017-06-21', '16.50', ''),
(3, 14, '1', 'monthly', '99999999.99', '2019-08-13', '99999999.99', '2019-09-13', '99999999.99', ''),
(4, 34, '1', 'monthly', '46290408.32', '2019-08-22', '11572602.08', '2019-09-22', '1685330.40', ''),
(5, 36, '1', 'monthly', '32.96', '2019-08-22', '8.24', '2019-09-22', '1.20', ''),
(6, 37, '1', 'daily', '0.11', '2019-08-24', '0.82', '2019-09-24', '0.12', ''),
(7, 38, '1', 'monthly', '148320.00', '2019-08-24', '37080.00', '2019-09-24', '5400.00', '');

-- --------------------------------------------------------

--
-- Table structure for table `user`
--

CREATE TABLE IF NOT EXISTS `user` (
`user_id` int(11) NOT NULL,
  `username` varchar(15) NOT NULL,
  `password` varchar(50) NOT NULL,
  `name` varchar(50) NOT NULL,
  `status` varchar(10) NOT NULL,
  `branch_id` int(11) NOT NULL
) ENGINE=InnoDB  DEFAULT CHARSET=latin1 AUTO_INCREMENT=7 ;

--
-- Dumping data for table `user`
--

INSERT INTO `user` (`user_id`, `username`, `password`, `name`, `status`, `branch_id`) VALUES
(1, 'admin', 'a1Bz20ydqelm8m1wql21232f297a57a5a743894a0e4a801fc3', 'John Smith', 'active', 1),
(4, 'user', 'a1Bz20ydqelm8m1wql81dc9bdb52d04dc20036dbd8313ed055', 'Mona Lisa', 'active', 2),
(5, 'Mikee', 'a1Bz20ydqelm8m1wql70a5119905ec54b3edf78c6f515ac7b2', 'Mikee', 'active', 1),
(6, 'administrator', 'a1Bz20ydqelm8m1wql21232f297a57a5a743894a0e4a801fc3', 'Giu Matthew', 'active', 0);

--
-- Indexes for dumped tables
--

--
-- Indexes for table `admin`
--
ALTER TABLE `admin`
 ADD PRIMARY KEY (`admin_id`);

--
-- Indexes for table `branch`
--
ALTER TABLE `branch`
 ADD PRIMARY KEY (`branch_id`);

--
-- Indexes for table `brands`
--
ALTER TABLE `brands`
 ADD PRIMARY KEY (`brand_id`);

--
-- Indexes for table `category`
--
ALTER TABLE `category`
 ADD PRIMARY KEY (`cat_id`);

--
-- Indexes for table `creditors`
--
ALTER TABLE `creditors`
 ADD PRIMARY KEY (`creditor_id`);

--
-- Indexes for table `customer`
--
ALTER TABLE `customer`
 ADD PRIMARY KEY (`cust_id`);

--
-- Indexes for table `history_log`
--
ALTER TABLE `history_log`
 ADD PRIMARY KEY (`log_id`);

--
-- Indexes for table `income`
--
ALTER TABLE `income`
 ADD PRIMARY KEY (`income_id`);

--
-- Indexes for table `installment`
--
ALTER TABLE `installment`
 ADD PRIMARY KEY (`install_id`);

--
-- Indexes for table `payment`
--
ALTER TABLE `payment`
 ADD PRIMARY KEY (`payment_id`);

--
-- Indexes for table `product`
--
ALTER TABLE `product`
 ADD PRIMARY KEY (`prod_id`);

--
-- Indexes for table `purchase_request`
--
ALTER TABLE `purchase_request`
 ADD PRIMARY KEY (`pr_id`);

--
-- Indexes for table `sales`
--
ALTER TABLE `sales`
 ADD PRIMARY KEY (`sales_id`);

--
-- Indexes for table `sales_details`
--
ALTER TABLE `sales_details`
 ADD PRIMARY KEY (`sales_details_id`);

--
-- Indexes for table `stockin`
--
ALTER TABLE `stockin`
 ADD PRIMARY KEY (`stockin_id`);

--
-- Indexes for table `stockout`
--
ALTER TABLE `stockout`
 ADD PRIMARY KEY (`stockout_id`);

--
-- Indexes for table `supplier`
--
ALTER TABLE `supplier`
 ADD PRIMARY KEY (`supplier_id`);

--
-- Indexes for table `temp_trans`
--
ALTER TABLE `temp_trans`
 ADD PRIMARY KEY (`temp_trans_id`);

--
-- Indexes for table `term`
--
ALTER TABLE `term`
 ADD PRIMARY KEY (`term_id`);

--
-- Indexes for table `user`
--
ALTER TABLE `user`
 ADD PRIMARY KEY (`user_id`);

--
-- AUTO_INCREMENT for dumped tables
--

--
-- AUTO_INCREMENT for table `admin`
--
ALTER TABLE `admin`
MODIFY `admin_id` int(11) NOT NULL AUTO_INCREMENT,AUTO_INCREMENT=2;
--
-- AUTO_INCREMENT for table `branch`
--
ALTER TABLE `branch`
MODIFY `branch_id` int(11) NOT NULL AUTO_INCREMENT,AUTO_INCREMENT=3;
--
-- AUTO_INCREMENT for table `brands`
--
ALTER TABLE `brands`
MODIFY `brand_id` int(11) NOT NULL AUTO_INCREMENT,AUTO_INCREMENT=3;
--
-- AUTO_INCREMENT for table `category`
--
ALTER TABLE `category`
MODIFY `cat_id` int(11) NOT NULL AUTO_INCREMENT,AUTO_INCREMENT=13;
--
-- AUTO_INCREMENT for table `creditors`
--
ALTER TABLE `creditors`
MODIFY `creditor_id` int(11) NOT NULL AUTO_INCREMENT;
--
-- AUTO_INCREMENT for table `customer`
--
ALTER TABLE `customer`
MODIFY `cust_id` int(11) NOT NULL AUTO_INCREMENT,AUTO_INCREMENT=7;
--
-- AUTO_INCREMENT for table `history_log`
--
ALTER TABLE `history_log`
MODIFY `log_id` int(11) NOT NULL AUTO_INCREMENT,AUTO_INCREMENT=102;
--
-- AUTO_INCREMENT for table `income`
--
ALTER TABLE `income`
MODIFY `income_id` int(11) NOT NULL AUTO_INCREMENT,AUTO_INCREMENT=14;
--
-- AUTO_INCREMENT for table `installment`
--
ALTER TABLE `installment`
MODIFY `install_id` int(11) NOT NULL AUTO_INCREMENT,AUTO_INCREMENT=10;
--
-- AUTO_INCREMENT for table `payment`
--
ALTER TABLE `payment`
MODIFY `payment_id` int(11) NOT NULL AUTO_INCREMENT,AUTO_INCREMENT=3278;
--
-- AUTO_INCREMENT for table `product`
--
ALTER TABLE `product`
MODIFY `prod_id` int(11) NOT NULL AUTO_INCREMENT,AUTO_INCREMENT=26;
--
-- AUTO_INCREMENT for table `purchase_request`
--
ALTER TABLE `purchase_request`
MODIFY `pr_id` int(11) NOT NULL AUTO_INCREMENT;
--
-- AUTO_INCREMENT for table `sales`
--
ALTER TABLE `sales`
MODIFY `sales_id` int(11) NOT NULL AUTO_INCREMENT,AUTO_INCREMENT=91;
--
-- AUTO_INCREMENT for table `sales_details`
--
ALTER TABLE `sales_details`
MODIFY `sales_details_id` int(11) NOT NULL AUTO_INCREMENT,AUTO_INCREMENT=95;
--
-- AUTO_INCREMENT for table `stockin`
--
ALTER TABLE `stockin`
MODIFY `stockin_id` int(11) NOT NULL AUTO_INCREMENT,AUTO_INCREMENT=24;
--
-- AUTO_INCREMENT for table `stockout`
--
ALTER TABLE `stockout`
MODIFY `stockout_id` int(11) NOT NULL AUTO_INCREMENT;
--
-- AUTO_INCREMENT for table `supplier`
--
ALTER TABLE `supplier`
MODIFY `supplier_id` int(11) NOT NULL AUTO_INCREMENT,AUTO_INCREMENT=8;
--
-- AUTO_INCREMENT for table `temp_trans`
--
ALTER TABLE `temp_trans`
MODIFY `temp_trans_id` int(11) NOT NULL AUTO_INCREMENT;
--
-- AUTO_INCREMENT for table `term`
--
ALTER TABLE `term`
MODIFY `term_id` int(11) NOT NULL AUTO_INCREMENT,AUTO_INCREMENT=8;
--
-- AUTO_INCREMENT for table `user`
--
ALTER TABLE `user`
MODIFY `user_id` int(11) NOT NULL AUTO_INCREMENT,AUTO_INCREMENT=7;
/*!40101 SET CHARACTER_SET_CLIENT=@OLD_CHARACTER_SET_CLIENT */;
/*!40101 SET CHARACTER_SET_RESULTS=@OLD_CHARACTER_SET_RESULTS */;
/*!40101 SET COLLATION_CONNECTION=@OLD_COLLATION_CONNECTION */;
